[
  {
    "id": "fbedd3b5-76b7-4c1e-9885-2f9cc6dd8519",
    "data": [
      {
        "text": "what to do after exams",
        "userDefined": false
      }
    ],
    "isTemplate": false,
    "count": 0,
    "lang": "en",
    "updated": 0
  },
  {
    "id": "d7797946-a336-446c-ac7b-bf55eaf3230f",
    "data": [
      {
        "text": "what preparation need to be done before going to college",
        "userDefined": false
      }
    ],
    "isTemplate": false,
    "count": 0,
    "lang": "en",
    "updated": 0
  },
  {
    "id": "3ae55ae4-d0c3-4b68-8732-f9585dc5ba88",
    "data": [
      {
        "text": "what can be done after board exams",
        "userDefined": false
      }
    ],
    "isTemplate": false,
    "count": 0,
    "lang": "en",
    "updated": 0
  },
  {
    "id": "6c36d8ee-1f66-49f5-a50b-7a4382c071f7",
    "data": [
      {
        "text": "How to utilize ",
        "userDefined": false
      },
      {
        "text": "two months",
        "meta": "@sys.ignore",
        "userDefined": false
      },
      {
        "text": " in best possible way that students get after board exams?",
        "userDefined": false
      }
    ],
    "isTemplate": false,
    "count": 0,
    "lang": "en",
    "updated": 0
  }
]