[
  {
    "id": "76eaa89a-6b1c-477f-b1be-abf493e21928",
    "data": [
      {
        "text": "what stream should i take ",
        "userDefined": false
      },
      {
        "text": "after 10th",
        "meta": "@streams",
        "alias": "streams",
        "userDefined": false
      }
    ],
    "isTemplate": false,
    "count": 0,
    "lang": "en",
    "updated": 0
  },
  {
    "id": "2243ca48-292e-4ed5-a6ac-354a22a1c646",
    "data": [
      {
        "text": "should i opt for medical or non medical",
        "userDefined": false
      }
    ],
    "isTemplate": false,
    "count": 0,
    "lang": "en",
    "updated": 0
  },
  {
    "id": "a7deaf3d-33aa-42c3-9a5c-f4e76c74cd52",
    "data": [
      {
        "text": "should i choose pcm",
        "userDefined": false
      }
    ],
    "isTemplate": false,
    "count": 0,
    "lang": "en",
    "updated": 0
  },
  {
    "id": "962fdd19-2023-424c-ac42-f8214d4976c6",
    "data": [
      {
        "text": "what to do after ",
        "userDefined": false
      },
      {
        "text": "10th",
        "meta": "@streams",
        "alias": "streams",
        "userDefined": true
      }
    ],
    "isTemplate": false,
    "count": 0,
    "lang": "en",
    "updated": 0
  },
  {
    "id": "e65aeff0-2291-4887-8101-1eaf85ff55e5",
    "data": [
      {
        "text": "what should be opted ",
        "userDefined": false
      },
      {
        "text": "after 10th",
        "meta": "@streams",
        "alias": "streams",
        "userDefined": true
      }
    ],
    "isTemplate": false,
    "count": 0,
    "lang": "en",
    "updated": 0
  }
]