[
  {
    "id": "0ba9f2fb-ee80-4be5-aa09-c510a81ce786",
    "data": [
      {
        "text": "can i talk to counsellor",
        "userDefined": false
      }
    ],
    "isTemplate": false,
    "count": 0,
    "lang": "en",
    "updated": 0
  },
  {
    "id": "467511c2-9ecd-4b42-a70b-6e5e01c179e0",
    "data": [
      {
        "text": "can i get a counsellor",
        "userDefined": false
      }
    ],
    "isTemplate": false,
    "count": 0,
    "lang": "en",
    "updated": 0
  },
  {
    "id": "0dc9d73b-34ca-48be-8bec-eddb4f3f8041",
    "data": [
      {
        "text": "do u have a counsellor",
        "userDefined": false
      }
    ],
    "isTemplate": false,
    "count": 0,
    "lang": "en",
    "updated": 0
  },
  {
    "id": "ee3591b7-57ab-40fc-8be0-b066ebe68f5f",
    "data": [
      {
        "text": "i want a meeting with counsellor",
        "userDefined": false
      }
    ],
    "isTemplate": false,
    "count": 0,
    "lang": "en",
    "updated": 0
  },
  {
    "id": "ef1dfae1-2109-48dc-b083-748840d1fb03",
    "data": [
      {
        "text": "i want to talk to counsellor",
        "userDefined": false
      }
    ],
    "isTemplate": false,
    "count": 0,
    "lang": "en",
    "updated": 0
  },
  {
    "id": "242304e1-6266-4124-b6f0-451157fb3ec3",
    "data": [
      {
        "text": "i need a counsellor",
        "userDefined": false
      }
    ],
    "isTemplate": false,
    "count": 0,
    "lang": "en",
    "updated": 0
  }
]