[
  {
    "id": "7653d0ea-ab48-4854-ade5-4ed3ba124ba3",
    "data": [
      {
        "text": "tomorrow",
        "meta": "@sys.date",
        "alias": "date",
        "userDefined": true
      },
      {
        "text": " ",
        "userDefined": false
      },
      {
        "text": "at 2pm",
        "meta": "@sys.time",
        "alias": "time",
        "userDefined": false
      }
    ],
    "isTemplate": false,
    "count": 0,
    "lang": "en",
    "updated": 0
  },
  {
    "id": "dddafd42-83e1-4f9b-b34c-4ce4ab0a66b9",
    "data": [
      {
        "text": "on 2 pm",
        "meta": "@sys.time",
        "alias": "time",
        "userDefined": false
      },
      {
        "text": " ",
        "userDefined": false
      },
      {
        "text": "monday",
        "meta": "@sys.date",
        "alias": "date",
        "userDefined": false
      }
    ],
    "isTemplate": false,
    "count": 0,
    "lang": "en",
    "updated": 0
  },
  {
    "id": "1003d6e8-255f-4c96-be1f-47ac50591bf8",
    "data": [
      {
        "text": "2 pm",
        "meta": "@sys.time",
        "alias": "time",
        "userDefined": false
      },
      {
        "text": " ",
        "userDefined": false
      },
      {
        "text": "monday",
        "meta": "@sys.date",
        "alias": "date",
        "userDefined": false
      }
    ],
    "isTemplate": false,
    "count": 0,
    "lang": "en",
    "updated": 0
  },
  {
    "id": "8c27b417-c7be-426f-b95b-a9554a733975",
    "data": [
      {
        "text": "at 2 pm",
        "meta": "@sys.time",
        "alias": "time",
        "userDefined": false
      },
      {
        "text": " on ",
        "userDefined": false
      },
      {
        "text": "monday",
        "meta": "@sys.date",
        "alias": "date",
        "userDefined": true
      }
    ],
    "isTemplate": false,
    "count": 0,
    "lang": "en",
    "updated": 0
  }
]