[
  {
    "id": "4f968110-e50c-4da1-a1bd-5f06dae0bcc5",
    "data": [
      {
        "text": "abcdefghijklmnopqrstuvwxyz@gmail.co.in",
        "meta": "@sys.email",
        "alias": "email",
        "userDefined": true
      }
    ],
    "isTemplate": false,
    "count": 0,
    "lang": "en",
    "updated": 0
  },
  {
    "id": "3f7db62f-cc30-4212-8cc1-13f69065e142",
    "data": [
      {
        "text": "abc@outlook.com",
        "meta": "@sys.email",
        "alias": "email",
        "userDefined": true
      }
    ],
    "isTemplate": false,
    "count": 0,
    "lang": "en",
    "updated": 0
  },
  {
    "id": "03847f46-0942-41e4-b376-000712fcace1",
    "data": [
      {
        "text": "abc@gmail.com",
        "meta": "@sys.email",
        "alias": "email",
        "userDefined": true
      }
    ],
    "isTemplate": false,
    "count": 0,
    "lang": "en",
    "updated": 0
  },
  {
    "id": "f0fb7879-2b00-4d6b-911b-15fd1dafa89a",
    "data": [
      {
        "text": "abc@yahoo.in",
        "meta": "@sys.email",
        "alias": "email",
        "userDefined": true
      }
    ],
    "isTemplate": false,
    "count": 0,
    "lang": "en",
    "updated": 0
  },
  {
    "id": "e8ea324d-adc4-4bde-ad53-30d598d4804d",
    "data": [
      {
        "text": "abc@yahoo.co.in",
        "meta": "@sys.email",
        "alias": "email",
        "userDefined": true
      }
    ],
    "isTemplate": false,
    "count": 0,
    "lang": "en",
    "updated": 0
  },
  {
    "id": "d712d39c-4aea-4b3a-ac46-6bbf807bac66",
    "data": [
      {
        "text": "abc@yahoo.com",
        "meta": "@sys.email",
        "alias": "email",
        "userDefined": true
      }
    ],
    "isTemplate": false,
    "count": 0,
    "lang": "en",
    "updated": 0
  }
]