[
  {
    "id": "86b81786-44e3-4ecf-9ad5-1275900fedb0",
    "data": [
      {
        "text": "tell me top ",
        "userDefined": false
      },
      {
        "text": "5",
        "meta": "@sys.number",
        "alias": "number",
        "userDefined": true
      },
      {
        "text": " courses in ",
        "userDefined": false
      },
      {
        "text": "arts",
        "meta": "@streams",
        "alias": "streams",
        "userDefined": false
      }
    ],
    "isTemplate": false,
    "count": 0,
    "lang": "en",
    "updated": 0
  },
  {
    "id": "cf49cda7-bef8-4252-a784-ac7a68bee30c",
    "data": [
      {
        "text": "top ",
        "userDefined": false
      },
      {
        "text": "5",
        "meta": "@sys.number",
        "alias": "number",
        "userDefined": false
      },
      {
        "text": " courses in ",
        "userDefined": false
      },
      {
        "text": "arts",
        "meta": "@streams",
        "alias": "streams",
        "userDefined": false
      }
    ],
    "isTemplate": false,
    "count": 0,
    "lang": "en",
    "updated": 0
  },
  {
    "id": "c7072ee1-a903-4749-9f79-ba8e5fe93f82",
    "data": [
      {
        "text": "list of courses which can be opted",
        "userDefined": false
      }
    ],
    "isTemplate": false,
    "count": 0,
    "lang": "en",
    "updated": 0
  },
  {
    "id": "7a79c7ae-067d-43f9-bea3-48d26bb398ef",
    "data": [
      {
        "text": "i want list of courses in ",
        "userDefined": false
      },
      {
        "text": "medical",
        "meta": "@streams",
        "alias": "streams",
        "userDefined": false
      },
      {
        "text": " and ",
        "userDefined": false
      },
      {
        "text": "commerce",
        "meta": "@streams",
        "alias": "stream1",
        "userDefined": false
      }
    ],
    "isTemplate": false,
    "count": 0,
    "lang": "en",
    "updated": 0
  },
  {
    "id": "718d8320-4ffe-4b7d-b7a4-a489ebc84d9f",
    "data": [
      {
        "text": "i want list of courses in ",
        "userDefined": false
      },
      {
        "text": "medical",
        "meta": "@streams",
        "alias": "streams",
        "userDefined": false
      }
    ],
    "isTemplate": false,
    "count": 0,
    "lang": "en",
    "updated": 0
  },
  {
    "id": "5d961570-a5cf-4612-b9ba-e6cc609b8210",
    "data": [
      {
        "text": "i want to know courses in ",
        "userDefined": false
      },
      {
        "text": "science",
        "meta": "@streams",
        "alias": "streams",
        "userDefined": false
      }
    ],
    "isTemplate": false,
    "count": 0,
    "lang": "en",
    "updated": 0
  },
  {
    "id": "4352a4cf-d098-4cd0-a2df-4cf3107760cc",
    "data": [
      {
        "text": "i want ",
        "userDefined": false
      },
      {
        "text": "information",
        "meta": "@streams",
        "alias": "stream1",
        "userDefined": false
      },
      {
        "text": " about courses in ",
        "userDefined": false
      },
      {
        "text": "commerce",
        "meta": "@streams",
        "alias": "streams",
        "userDefined": false
      }
    ],
    "isTemplate": false,
    "count": 0,
    "lang": "en",
    "updated": 0
  },
  {
    "id": "2534c75e-9939-4469-b50f-9f480cfdfd95",
    "data": [
      {
        "text": "tell me courses in ",
        "userDefined": false
      },
      {
        "text": "arts",
        "meta": "@streams",
        "alias": "streams",
        "userDefined": false
      }
    ],
    "isTemplate": false,
    "count": 0,
    "lang": "en",
    "updated": 0
  },
  {
    "id": "464fae92-4c5b-4c7e-a088-c4c5c834abf5",
    "data": [
      {
        "text": "courses in ",
        "userDefined": false
      },
      {
        "text": "science",
        "meta": "@streams",
        "alias": "streams",
        "userDefined": false
      }
    ],
    "isTemplate": false,
    "count": 0,
    "lang": "en",
    "updated": 0
  },
  {
    "id": "6b3dd26a-696e-46e4-b2a9-3560f56ba252",
    "data": [
      {
        "text": "list of courses in ",
        "userDefined": false
      },
      {
        "text": "medical",
        "meta": "@streams",
        "alias": "streams",
        "userDefined": false
      },
      {
        "text": " and ",
        "userDefined": false
      },
      {
        "text": "nonmedical",
        "meta": "@streams",
        "alias": "stream1",
        "userDefined": true
      }
    ],
    "isTemplate": false,
    "count": 0,
    "lang": "en",
    "updated": 0
  },
  {
    "id": "3c2722a4-ce69-4e3f-99b9-0adc7379a9aa",
    "data": [
      {
        "text": "information about courses in ",
        "userDefined": false
      },
      {
        "text": "commerce",
        "meta": "@streams",
        "alias": "streams",
        "userDefined": true
      }
    ],
    "isTemplate": false,
    "count": 0,
    "lang": "en",
    "updated": 0
  },
  {
    "id": "6946cbe7-46a7-4b3f-8640-d0fda0d729bc",
    "data": [
      {
        "text": "courses which can be opted",
        "userDefined": false
      }
    ],
    "isTemplate": false,
    "count": 0,
    "lang": "en",
    "updated": 0
  }
]