[
  {
    "id": "6fd87d6e-ebed-41b2-8e55-726309bd68de",
    "data": [
      {
        "text": "hey",
        "userDefined": false
      }
    ],
    "isTemplate": false,
    "count": 0,
    "lang": "en",
    "updated": 0
  },
  {
    "id": "b5f11499-36a3-45f8-b0e9-fe8147991a47",
    "data": [
      {
        "text": "hey there",
        "userDefined": false
      }
    ],
    "isTemplate": false,
    "count": 0,
    "lang": "en",
    "updated": 0
  },
  {
    "id": "2a719cfb-1bba-4191-a054-dd0c2d1a053c",
    "data": [
      {
        "text": "hello",
        "userDefined": false
      }
    ],
    "isTemplate": false,
    "count": 0,
    "lang": "en",
    "updated": 0
  },
  {
    "id": "70146111-8c32-47d3-85fb-a98cdca9fa57",
    "data": [
      {
        "text": "hii",
        "userDefined": false
      }
    ],
    "isTemplate": false,
    "count": 0,
    "lang": "en",
    "updated": 0
  },
  {
    "id": "7d21fdf6-f05f-46aa-8dcf-03ef628cb06b",
    "data": [
      {
        "text": "hello there",
        "userDefined": false
      }
    ],
    "isTemplate": false,
    "count": 0,
    "lang": "en",
    "updated": 0
  },
  {
    "id": "c5545a0f-2457-44f2-ae29-5329afa5d765",
    "data": [
      {
        "text": "Hello there...",
        "userDefined": false
      }
    ],
    "isTemplate": false,
    "count": 0,
    "lang": "en",
    "updated": 0
  },
  {
    "id": "142345cb-ca90-44a7-9930-31fcb1015acc",
    "data": [
      {
        "text": "Greetings!!",
        "userDefined": false
      }
    ],
    "isTemplate": false,
    "count": 0,
    "lang": "en",
    "updated": 0
  },
  {
    "id": "837dca00-df02-49e8-849c-9488d4eb38df",
    "data": [
      {
        "text": "howdy",
        "userDefined": false
      }
    ],
    "isTemplate": false,
    "count": 0,
    "lang": "en",
    "updated": 0
  },
  {
    "id": "47dcd6fc-8231-4c23-9cb4-3c1e760b3689",
    "data": [
      {
        "text": "Hii!!",
        "userDefined": false
      }
    ],
    "isTemplate": false,
    "count": 0,
    "lang": "en",
    "updated": 0
  },
  {
    "id": "b74f066a-1076-4c86-b823-6bdfc9d2b513",
    "data": [
      {
        "text": "Hello!!",
        "userDefined": false
      }
    ],
    "isTemplate": false,
    "count": 0,
    "lang": "en",
    "updated": 0
  },
  {
    "id": "ab3bc874-114d-4681-acfe-a2eec58b68ce",
    "data": [
      {
        "text": "Hey there...",
        "userDefined": false
      }
    ],
    "isTemplate": false,
    "count": 0,
    "lang": "en",
    "updated": 0
  },
  {
    "id": "d318806c-6e6e-4b63-9120-e3d245f4042e",
    "data": [
      {
        "text": "Hi there...",
        "userDefined": false
      }
    ],
    "isTemplate": false,
    "count": 0,
    "lang": "en",
    "updated": 0
  },
  {
    "id": "012bced0-86cc-4ae6-b9be-e5a10204077e",
    "data": [
      {
        "text": "Hey!!",
        "userDefined": false
      }
    ],
    "isTemplate": false,
    "count": 0,
    "lang": "en",
    "updated": 0
  }
]