[
  {
    "id": "0a362f70-129b-4c47-911a-621e76cbdf37",
    "data": [
      {
        "text": "benefit of iit",
        "userDefined": false
      }
    ],
    "isTemplate": false,
    "count": 0,
    "lang": "en",
    "updated": 0
  },
  {
    "id": "da2d4f03-7e68-4836-870b-f5e9ba7395ff",
    "data": [
      {
        "text": "why to choose iit",
        "userDefined": false
      }
    ],
    "isTemplate": false,
    "count": 0,
    "lang": "en",
    "updated": 0
  },
  {
    "id": "f4401865-10d8-4bd0-a885-22976fac5c8f",
    "data": [
      {
        "text": "is iit the best career option",
        "userDefined": false
      }
    ],
    "isTemplate": false,
    "count": 0,
    "lang": "en",
    "updated": 0
  }
]