[
  {
    "id": "e1012c8f-456d-49df-abc6-ef87c7ec8fd5",
    "data": [
      {
        "text": "Is there any range of marks?",
        "userDefined": false
      }
    ],
    "isTemplate": false,
    "count": 0,
    "lang": "en",
    "updated": 0
  },
  {
    "id": "172f20f6-190f-4b6f-82be-f4cca65e5c83",
    "data": [
      {
        "text": "What marks are considered as good to choose general ",
        "userDefined": false
      },
      {
        "text": "science",
        "meta": "@sys.ignore",
        "userDefined": false
      },
      {
        "text": "?",
        "userDefined": false
      }
    ],
    "isTemplate": false,
    "count": 0,
    "lang": "en",
    "updated": 0
  },
  {
    "id": "abff8bff-16ed-4546-b494-97283d525f81",
    "data": [
      {
        "text": "What is the minimum required % for applying in ",
        "userDefined": false
      },
      {
        "text": "science",
        "meta": "@sys.ignore",
        "userDefined": false
      },
      {
        "text": " stream?",
        "userDefined": false
      }
    ],
    "isTemplate": false,
    "count": 0,
    "lang": "en",
    "updated": 0
  }
]