[
  {
    "id": "f26b351f-be06-4397-b30b-0876e1f31a64",
    "data": [
      {
        "text": "difficult maths",
        "userDefined": false
      }
    ],
    "isTemplate": false,
    "count": 0,
    "lang": "en",
    "updated": 0
  },
  {
    "id": "0b6a79ac-d0ae-4358-a268-7b8263678bba",
    "data": [
      {
        "text": "not comfortable in maths",
        "userDefined": false
      }
    ],
    "isTemplate": false,
    "count": 0,
    "lang": "en",
    "updated": 0
  },
  {
    "id": "a9b3a501-b5c9-40ab-bffe-46383df381ea",
    "data": [
      {
        "text": "not interested in math",
        "userDefined": false
      }
    ],
    "isTemplate": false,
    "count": 0,
    "lang": "en",
    "updated": 0
  },
  {
    "id": "b7a2ff09-8799-4049-919e-2b05de5edcfa",
    "data": [
      {
        "text": "i dont like maths",
        "userDefined": false
      }
    ],
    "isTemplate": false,
    "count": 0,
    "lang": "en",
    "updated": 0
  },
  {
    "id": "d71c4b38-e8a4-49f7-973c-da5e1020a600",
    "data": [
      {
        "text": "i don\u0027t have interest in maths",
        "userDefined": false
      }
    ],
    "isTemplate": false,
    "count": 0,
    "lang": "en",
    "updated": 0
  }
]