[
  {
    "id": "4ace5753-fdbf-47a6-b1d2-e13a20a0523a",
    "data": [
      {
        "text": "What steps should be taken by students from class ",
        "userDefined": false
      },
      {
        "text": "10th",
        "meta": "@sys.ignore",
        "userDefined": false
      },
      {
        "text": " to build a strong foundation for JEE?",
        "userDefined": false
      }
    ],
    "isTemplate": false,
    "count": 0,
    "lang": "en",
    "updated": 0
  },
  {
    "id": "65760088-b0bc-4b05-b15d-01c79b201746",
    "data": [
      {
        "text": "How to prepare for exams?",
        "userDefined": false
      }
    ],
    "isTemplate": false,
    "count": 0,
    "lang": "en",
    "updated": 0
  },
  {
    "id": "9a10982c-1182-4d60-9cd3-449fb3e3bee5",
    "data": [
      {
        "text": "I want to crack JEE Main and Advanced exam",
        "userDefined": false
      }
    ],
    "isTemplate": false,
    "count": 0,
    "lang": "en",
    "updated": 0
  },
  {
    "id": "ac38db93-7632-4ebb-9a06-0f252d6e7e10",
    "data": [
      {
        "text": "What are the ways to prepare for ",
        "userDefined": false
      },
      {
        "text": "clearing",
        "meta": "@sys.ignore",
        "userDefined": false
      },
      {
        "text": " IIT- online, offline or by any other means?",
        "userDefined": false
      }
    ],
    "isTemplate": false,
    "count": 0,
    "lang": "en",
    "updated": 0
  },
  {
    "id": "9f466f1f-aae7-4043-8c96-c3bb5df8b48e",
    "data": [
      {
        "text": "Please provide me the tips to clear IIT/JEE.",
        "userDefined": false
      }
    ],
    "isTemplate": false,
    "count": 0,
    "lang": "en",
    "updated": 0
  },
  {
    "id": "ff1500e2-aa59-422d-b90d-1f1327ad92c9",
    "data": [
      {
        "text": "what preparation needs to be done for iit",
        "userDefined": false
      }
    ],
    "isTemplate": false,
    "count": 0,
    "lang": "en",
    "updated": 0
  }
]