[
  {
    "value": "after 10th",
    "synonyms": [
      "after 10th",
      "after class 10",
      "in 11th",
      "in class 11"
    ]
  },
  {
    "value": "commerce",
    "synonyms": [
      "commerce"
    ]
  },
  {
    "value": "humanity",
    "synonyms": [
      "arts",
      "humanities",
      "humanity"
    ]
  },
  {
    "value": "medical",
    "synonyms": [
      "biology",
      "medical"
    ]
  },
  {
    "value": "non medical",
    "synonyms": [
      "btech",
      "engineering",
      "non med",
      "non medical",
      "pcm"
    ]
  }
]